<?xml version="1.0" encoding="UTF-8"?>
<project-private xmlns="http://www.netbeans.org/ns/project-private/1">
    <editor-bookmarks xmlns="http://www.netbeans.org/ns/editor-bookmarks/2" lastBookmarkId="0"/>
    <open-files xmlns="http://www.netbeans.org/ns/projectui-open-files/2">
        <group>
            <file>file:/C:/Users/jc_go/Desktop/POO_2022-2/Abstraccion_Modelado_1/CesarLuygi/Actividad-1-POO-2022-main/FigGeomProyect/src/FigGeom/Circle.java</file>
            <file>file:/C:/Users/jc_go/Desktop/POO_2022-2/Abstraccion_Modelado_1/CesarLuygi/Actividad-1-POO-2022-main/FigGeomProyect/src/FigGeom/Rectangle.java</file>
            <file>file:/C:/Users/jc_go/Desktop/POO_2022-2/Abstraccion_Modelado_1/CesarLuygi/Actividad-1-POO-2022-main/FigGeomProyect/src/FigGeom/Triangle.java</file>
            <file>file:/C:/Users/jc_go/Desktop/POO_2022-2/Abstraccion_Modelado_1/CesarLuygi/Actividad-1-POO-2022-main/FigGeomProyect/src/FigGeomApp/App.java</file>
            <file>file:/C:/Users/jc_go/Desktop/POO_2022-2/Abstraccion_Modelado_1/CesarLuygi/Actividad-1-POO-2022-main/FigGeomProyect/src/FigGeom/Pentagon.java</file>
        </group>
    </open-files>
</project-private>
