<?xml version="1.0" encoding="UTF-8"?>
<project-private xmlns="http://www.netbeans.org/ns/project-private/1">
    <editor-bookmarks xmlns="http://www.netbeans.org/ns/editor-bookmarks/2" lastBookmarkId="0"/>
    <open-files xmlns="http://www.netbeans.org/ns/projectui-open-files/2">
        <group name="WizardsLab">
            <file>file:/C:/Users/jc_go/Documents/GitHub/academics/ProgrammingCourses/OOP/Aggr_Comp/src/empresa/Rol.java</file>
            <file>file:/C:/Users/jc_go/Documents/GitHub/academics/ProgrammingCourses/OOP/Aggr_Comp/src/empleado/Empleado.java</file>
            <file>file:/C:/Users/jc_go/Documents/GitHub/academics/ProgrammingCourses/OOP/Aggr_Comp/src/empresa/Empresa.java</file>
            <file>file:/C:/Users/jc_go/Documents/GitHub/academics/ProgrammingCourses/OOP/Aggr_Comp/src/cliente/Cliente.java</file>
            <file>file:/C:/Users/jc_go/Documents/GitHub/academics/ProgrammingCourses/OOP/Aggr_Comp/src/app/App.java</file>
        </group>
    </open-files>
</project-private>
